taskName,team,teamFamily,user,timestamp,sessionID,status
vbse001,cvhunter3,cvhunter,3,1668157260122,d4549039-edba-4f67-be8d-49631b50e3d1,CORRECT
vbse001,cvhunter4,cvhunter,4,1668157265367,af025988-70ba-4e86-8b9d-3004de40a677,CORRECT
vbse001,vibro4,vibro,4,1668157269373,eda40d9d-2a9e-44a7-81ab-fa9a826663ea,CORRECT
vbse001,cvhunter1,cvhunter,1,1668157272586,a2b6d319-7da0-4278-a13b-ae553c892168,CORRECT
vbse001,cvhunter2,cvhunter,2,1668157278121,c08385eb-b1ec-4ed5-ba19-9441104833d0,CORRECT
vbse001,vibro2,vibro,2,1668157312885,187d8f55-a92a-4126-8bd5-c5699951b0b3,CORRECT
vbse001,vibro3,vibro,3,1668157326525,da148b98-2573-4f16-815c-6f45b623c9c7,CORRECT
vbse001,visione2,visione,2,1668157332346,1d61d10a-70e3-4e29-b101-3bfb8608707f,CORRECT
vbse001,visione1,visione,1,1668157335722,b82fba5a-c2c4-4b33-873d-3b7ff6e995c7,CORRECT
vbse001,visione4,visione,4,1668157423905,fabeb831-4d50-42db-b915-bf9670d38cdc,CORRECT
vbse001,visione3,visione,3,1668157430547,ce618806-3932-4b08-8fe5-25d9be6bad26,CORRECT
vbse002,cvhunter2,cvhunter,2,1668157605990,c08385eb-b1ec-4ed5-ba19-9441104833d0,CORRECT
vbse002,vibro2,vibro,2,1668157692612,187d8f55-a92a-4126-8bd5-c5699951b0b3,WRONG
vbse002,cvhunter3,cvhunter,3,1668157693702,d4549039-edba-4f67-be8d-49631b50e3d1,CORRECT
vbse002,cvhunter4,cvhunter,4,1668157711427,af025988-70ba-4e86-8b9d-3004de40a677,CORRECT
vbse002,vibro1,vibro,1,1668157716036,de555d74-e482-4ce9-9991-1ef3bf7e7916,WRONG
vbse002,vibro2,vibro,2,1668157717846,187d8f55-a92a-4126-8bd5-c5699951b0b3,CORRECT
vbse002,vibro4,vibro,4,1668157778437,eda40d9d-2a9e-44a7-81ab-fa9a826663ea,WRONG
vbse002,vibro4,vibro,4,1668157787950,eda40d9d-2a9e-44a7-81ab-fa9a826663ea,CORRECT
vbse002,vibro1,vibro,1,1668157797265,de555d74-e482-4ce9-9991-1ef3bf7e7916,CORRECT
vbse003,cvhunter3,cvhunter,3,1668157975100,d4549039-edba-4f67-be8d-49631b50e3d1,CORRECT
vbse003,visione3,visione,3,1668157984539,ce618806-3932-4b08-8fe5-25d9be6bad26,CORRECT
vbse003,cvhunter2,cvhunter,2,1668158000331,c08385eb-b1ec-4ed5-ba19-9441104833d0,CORRECT
vbse003,cvhunter4,cvhunter,4,1668158002313,af025988-70ba-4e86-8b9d-3004de40a677,WRONG
vbse003,vibro3,vibro,3,1668158002504,da148b98-2573-4f16-815c-6f45b623c9c7,WRONG
vbse003,vibro2,vibro,2,1668158010537,187d8f55-a92a-4126-8bd5-c5699951b0b3,CORRECT
vbse003,vibro4,vibro,4,1668158016941,eda40d9d-2a9e-44a7-81ab-fa9a826663ea,WRONG
vbse003,visione4,visione,4,1668158017838,fabeb831-4d50-42db-b915-bf9670d38cdc,CORRECT
vbse003,visione1,visione,1,1668158018043,b82fba5a-c2c4-4b33-873d-3b7ff6e995c7,CORRECT
vbse003,cvhunter4,cvhunter,4,1668158018122,af025988-70ba-4e86-8b9d-3004de40a677,CORRECT
vbse003,cvhunter1,cvhunter,1,1668158029902,a2b6d319-7da0-4278-a13b-ae553c892168,CORRECT
vbse003,vibro4,vibro,4,1668158040461,eda40d9d-2a9e-44a7-81ab-fa9a826663ea,WRONG
vbse003,vibro3,vibro,3,1668158047845,da148b98-2573-4f16-815c-6f45b623c9c7,CORRECT
vbse003,visione2,visione,2,1668158069690,1d61d10a-70e3-4e29-b101-3bfb8608707f,CORRECT
vbse003,vibro4,vibro,4,1668158122978,eda40d9d-2a9e-44a7-81ab-fa9a826663ea,WRONG
vbse003,vibro1,vibro,1,1668158183962,de555d74-e482-4ce9-9991-1ef3bf7e7916,WRONG
vbse003,vibro4,vibro,4,1668158206050,eda40d9d-2a9e-44a7-81ab-fa9a826663ea,CORRECT
vbse003,vibro1,vibro,1,1668158233254,de555d74-e482-4ce9-9991-1ef3bf7e7916,WRONG
vbse004,cvhunter3,cvhunter,3,1668158288099,d4549039-edba-4f67-be8d-49631b50e3d1,CORRECT
vbse004,cvhunter2,cvhunter,2,1668158288157,c08385eb-b1ec-4ed5-ba19-9441104833d0,CORRECT
vbse004,vibro2,vibro,2,1668158288317,187d8f55-a92a-4126-8bd5-c5699951b0b3,CORRECT
vbse004,cvhunter4,cvhunter,4,1668158290041,af025988-70ba-4e86-8b9d-3004de40a677,CORRECT
vbse004,vibro4,vibro,4,1668158290765,eda40d9d-2a9e-44a7-81ab-fa9a826663ea,CORRECT
vbse004,vibro3,vibro,3,1668158291995,da148b98-2573-4f16-815c-6f45b623c9c7,CORRECT
vbse004,cvhunter1,cvhunter,1,1668158292954,a2b6d319-7da0-4278-a13b-ae553c892168,CORRECT
vbse004,visione3,visione,3,1668158323131,ce618806-3932-4b08-8fe5-25d9be6bad26,CORRECT
vbse004,vibro1,vibro,1,1668158340209,de555d74-e482-4ce9-9991-1ef3bf7e7916,CORRECT
vbse004,visione2,visione,2,1668158344643,1d61d10a-70e3-4e29-b101-3bfb8608707f,CORRECT
vbse004,visione4,visione,4,1668158347091,fabeb831-4d50-42db-b915-bf9670d38cdc,CORRECT
vbse004,visione1,visione,1,1668158366869,b82fba5a-c2c4-4b33-873d-3b7ff6e995c7,CORRECT
vbse005,cvhunter3,cvhunter,3,1668158412771,d4549039-edba-4f67-be8d-49631b50e3d1,CORRECT
vbse005,cvhunter1,cvhunter,1,1668158415084,a2b6d319-7da0-4278-a13b-ae553c892168,CORRECT
vbse005,vibro2,vibro,2,1668158417933,187d8f55-a92a-4126-8bd5-c5699951b0b3,CORRECT
vbse005,visione3,visione,3,1668158418242,ce618806-3932-4b08-8fe5-25d9be6bad26,CORRECT
vbse005,cvhunter2,cvhunter,2,1668158418874,c08385eb-b1ec-4ed5-ba19-9441104833d0,CORRECT
vbse005,cvhunter4,cvhunter,4,1668158419847,af025988-70ba-4e86-8b9d-3004de40a677,CORRECT
vbse005,visione4,visione,4,1668158422205,fabeb831-4d50-42db-b915-bf9670d38cdc,CORRECT
vbse005,vibro4,vibro,4,1668158424140,eda40d9d-2a9e-44a7-81ab-fa9a826663ea,CORRECT
vbse005,vibro3,vibro,3,1668158424531,da148b98-2573-4f16-815c-6f45b623c9c7,CORRECT
vbse005,visione1,visione,1,1668158427426,b82fba5a-c2c4-4b33-873d-3b7ff6e995c7,CORRECT
vbse005,visione2,visione,2,1668158431445,1d61d10a-70e3-4e29-b101-3bfb8608707f,CORRECT
vbse005,vibro1,vibro,1,1668158432757,de555d74-e482-4ce9-9991-1ef3bf7e7916,CORRECT
vbse006,vibro1,vibro,1,1668158479239,de555d74-e482-4ce9-9991-1ef3bf7e7916,CORRECT
vbse006,vibro2,vibro,2,1668158489600,187d8f55-a92a-4126-8bd5-c5699951b0b3,CORRECT
vbse006,vibro3,vibro,3,1668158498774,da148b98-2573-4f16-815c-6f45b623c9c7,CORRECT
vbse006,cvhunter1,cvhunter,1,1668158504929,a2b6d319-7da0-4278-a13b-ae553c892168,CORRECT
vbse006,vibro4,vibro,4,1668158507129,eda40d9d-2a9e-44a7-81ab-fa9a826663ea,CORRECT
vbse006,cvhunter4,cvhunter,4,1668158552919,af025988-70ba-4e86-8b9d-3004de40a677,CORRECT
vbse006,cvhunter3,cvhunter,3,1668158563778,d4549039-edba-4f67-be8d-49631b50e3d1,CORRECT
vbse006,visione2,visione,2,1668158569785,1d61d10a-70e3-4e29-b101-3bfb8608707f,CORRECT
vbse006,visione3,visione,3,1668158645074,ce618806-3932-4b08-8fe5-25d9be6bad26,CORRECT
vbse006,visione4,visione,4,1668158647863,fabeb831-4d50-42db-b915-bf9670d38cdc,CORRECT
vbse006,cvhunter2,cvhunter,2,1668158666361,c08385eb-b1ec-4ed5-ba19-9441104833d0,CORRECT
vbse006,visione1,visione,1,1668158669555,b82fba5a-c2c4-4b33-873d-3b7ff6e995c7,CORRECT
vbse007,visione2,visione,2,1668158715629,1d61d10a-70e3-4e29-b101-3bfb8608707f,CORRECT
vbse007,visione3,visione,3,1668158717115,ce618806-3932-4b08-8fe5-25d9be6bad26,CORRECT
vbse007,cvhunter3,cvhunter,3,1668158717143,d4549039-edba-4f67-be8d-49631b50e3d1,CORRECT
vbse007,visione4,visione,4,1668158717356,fabeb831-4d50-42db-b915-bf9670d38cdc,CORRECT
vbse007,visione1,visione,1,1668158718444,b82fba5a-c2c4-4b33-873d-3b7ff6e995c7,CORRECT
vbse007,cvhunter1,cvhunter,1,1668158718690,a2b6d319-7da0-4278-a13b-ae553c892168,CORRECT
vbse007,cvhunter2,cvhunter,2,1668158719397,c08385eb-b1ec-4ed5-ba19-9441104833d0,CORRECT
vbse007,vibro2,vibro,2,1668158720607,187d8f55-a92a-4126-8bd5-c5699951b0b3,CORRECT
vbse007,cvhunter4,cvhunter,4,1668158721490,af025988-70ba-4e86-8b9d-3004de40a677,CORRECT
vbse007,vibro3,vibro,3,1668158727952,da148b98-2573-4f16-815c-6f45b623c9c7,CORRECT
vbse007,vibro1,vibro,1,1668158728883,de555d74-e482-4ce9-9991-1ef3bf7e7916,CORRECT
vbse007,vibro4,vibro,4,1668158745960,eda40d9d-2a9e-44a7-81ab-fa9a826663ea,CORRECT
vbse008,cvhunter4,cvhunter,4,1668158874147,af025988-70ba-4e86-8b9d-3004de40a677,CORRECT
vbse008,vibro2,vibro,2,1668158898532,187d8f55-a92a-4126-8bd5-c5699951b0b3,CORRECT
vbse008,vibro3,vibro,3,1668158932349,da148b98-2573-4f16-815c-6f45b623c9c7,CORRECT
vbse008,cvhunter1,cvhunter,1,1668158967906,a2b6d319-7da0-4278-a13b-ae553c892168,CORRECT
vbse008,visione4,visione,4,1668159052206,fabeb831-4d50-42db-b915-bf9670d38cdc,CORRECT
vbse008,visione1,visione,1,1668159061214,b82fba5a-c2c4-4b33-873d-3b7ff6e995c7,CORRECT
vbse009,cvhunter2,cvhunter,2,1668159109972,c08385eb-b1ec-4ed5-ba19-9441104833d0,CORRECT
vbse009,visione2,visione,2,1668159111890,1d61d10a-70e3-4e29-b101-3bfb8608707f,WRONG
vbse009,cvhunter4,cvhunter,4,1668159113958,af025988-70ba-4e86-8b9d-3004de40a677,CORRECT
vbse009,visione1,visione,1,1668159117465,b82fba5a-c2c4-4b33-873d-3b7ff6e995c7,CORRECT
vbse009,cvhunter3,cvhunter,3,1668159117977,d4549039-edba-4f67-be8d-49631b50e3d1,CORRECT
vbse009,cvhunter1,cvhunter,1,1668159119753,a2b6d319-7da0-4278-a13b-ae553c892168,CORRECT
vbse009,visione3,visione,3,1668159122715,ce618806-3932-4b08-8fe5-25d9be6bad26,CORRECT
vbse009,visione4,visione,4,1668159125924,fabeb831-4d50-42db-b915-bf9670d38cdc,CORRECT
vbse009,visione2,visione,2,1668159129680,1d61d10a-70e3-4e29-b101-3bfb8608707f,CORRECT
vbse009,vibro3,vibro,3,1668159131528,da148b98-2573-4f16-815c-6f45b623c9c7,CORRECT
vbse009,vibro4,vibro,4,1668159133099,eda40d9d-2a9e-44a7-81ab-fa9a826663ea,CORRECT
vbse009,vibro2,vibro,2,1668159144714,187d8f55-a92a-4126-8bd5-c5699951b0b3,CORRECT
vbse009,vibro1,vibro,1,1668159173821,de555d74-e482-4ce9-9991-1ef3bf7e7916,CORRECT
vbse010,visione3,visione,3,1668159284018,ce618806-3932-4b08-8fe5-25d9be6bad26,CORRECT
vbse010,visione4,visione,4,1668159289592,fabeb831-4d50-42db-b915-bf9670d38cdc,CORRECT
vbse010,visione1,visione,1,1668159293042,b82fba5a-c2c4-4b33-873d-3b7ff6e995c7,CORRECT
vbse010,visione2,visione,2,1668159299954,1d61d10a-70e3-4e29-b101-3bfb8608707f,CORRECT
vbse010,vibro4,vibro,4,1668159327277,eda40d9d-2a9e-44a7-81ab-fa9a826663ea,CORRECT
vbse010,cvhunter2,cvhunter,2,1668159347288,c08385eb-b1ec-4ed5-ba19-9441104833d0,CORRECT
vbse010,vibro3,vibro,3,1668159364462,da148b98-2573-4f16-815c-6f45b623c9c7,CORRECT
vbse010,cvhunter3,cvhunter,3,1668159366721,d4549039-edba-4f67-be8d-49631b50e3d1,CORRECT
vbse010,vibro2,vibro,2,1668159408022,187d8f55-a92a-4126-8bd5-c5699951b0b3,CORRECT
vbse012,vibro3,vibro,3,1668159683470,da148b98-2573-4f16-815c-6f45b623c9c7,CORRECT
vbse012,vibro2,vibro,2,1668159685293,187d8f55-a92a-4126-8bd5-c5699951b0b3,CORRECT
vbse012,cvhunter2,cvhunter,2,1668159703363,c08385eb-b1ec-4ed5-ba19-9441104833d0,CORRECT
vbse012,vibro1,vibro,1,1668159711325,de555d74-e482-4ce9-9991-1ef3bf7e7916,CORRECT
vbse012,cvhunter1,cvhunter,1,1668159713388,a2b6d319-7da0-4278-a13b-ae553c892168,CORRECT
vbse012,cvhunter3,cvhunter,3,1668159738747,d4549039-edba-4f67-be8d-49631b50e3d1,WRONG
vbse012,cvhunter4,cvhunter,4,1668159747712,af025988-70ba-4e86-8b9d-3004de40a677,CORRECT
vbse012,cvhunter3,cvhunter,3,1668159752131,d4549039-edba-4f67-be8d-49631b50e3d1,WRONG
vbse012,cvhunter3,cvhunter,3,1668159783534,d4549039-edba-4f67-be8d-49631b50e3d1,CORRECT
vbse012,vibro4,vibro,4,1668159821888,eda40d9d-2a9e-44a7-81ab-fa9a826663ea,CORRECT
vbse013,vibro3,vibro,3,1668160196836,da148b98-2573-4f16-815c-6f45b623c9c7,CORRECT
vbse013,cvhunter4,cvhunter,4,1668160215439,af025988-70ba-4e86-8b9d-3004de40a677,WRONG
vbse013,visione2,visione,2,1668160220130,1d61d10a-70e3-4e29-b101-3bfb8608707f,CORRECT
vbse013,cvhunter4,cvhunter,4,1668160222742,af025988-70ba-4e86-8b9d-3004de40a677,CORRECT
vbse013,visione3,visione,3,1668160265270,ce618806-3932-4b08-8fe5-25d9be6bad26,CORRECT
vbse013,cvhunter3,cvhunter,3,1668160284478,d4549039-edba-4f67-be8d-49631b50e3d1,CORRECT
vbse014,cvhunter3,cvhunter,3,1668160419434,d4549039-edba-4f67-be8d-49631b50e3d1,CORRECT
vbse014,vibro3,vibro,3,1668160422077,da148b98-2573-4f16-815c-6f45b623c9c7,CORRECT
vbse014,cvhunter1,cvhunter,1,1668160424279,a2b6d319-7da0-4278-a13b-ae553c892168,CORRECT
vbse014,cvhunter4,cvhunter,4,1668160426132,af025988-70ba-4e86-8b9d-3004de40a677,CORRECT
vbse014,cvhunter2,cvhunter,2,1668160426806,c08385eb-b1ec-4ed5-ba19-9441104833d0,CORRECT
vbse014,vibro2,vibro,2,1668160427699,187d8f55-a92a-4126-8bd5-c5699951b0b3,CORRECT
vbse014,vibro4,vibro,4,1668160430169,eda40d9d-2a9e-44a7-81ab-fa9a826663ea,CORRECT
vbse014,vibro1,vibro,1,1668160468360,de555d74-e482-4ce9-9991-1ef3bf7e7916,CORRECT
vbse014,visione4,visione,4,1668160514308,fabeb831-4d50-42db-b915-bf9670d38cdc,CORRECT
vbse014,visione3,visione,3,1668160523513,ce618806-3932-4b08-8fe5-25d9be6bad26,CORRECT
vbse014,visione2,visione,2,1668160526076,1d61d10a-70e3-4e29-b101-3bfb8608707f,CORRECT
vbse014,visione1,visione,1,1668160550637,b82fba5a-c2c4-4b33-873d-3b7ff6e995c7,CORRECT
vbse015,vibro2,vibro,2,1668161593199,187d8f55-a92a-4126-8bd5-c5699951b0b3,WRONG
vbse015,vibro4,vibro,4,1668161595069,eda40d9d-2a9e-44a7-81ab-fa9a826663ea,WRONG
vbse015,vibro1,vibro,1,1668161598600,de555d74-e482-4ce9-9991-1ef3bf7e7916,WRONG
vbse015,vibro3,vibro,3,1668161599701,da148b98-2573-4f16-815c-6f45b623c9c7,WRONG
vbse015,cvhunter1,cvhunter,1,1668161602267,a2b6d319-7da0-4278-a13b-ae553c892168,CORRECT
vbse015,vibro2,vibro,2,1668161603494,187d8f55-a92a-4126-8bd5-c5699951b0b3,CORRECT
vbse015,visione4,visione,4,1668161604078,fabeb831-4d50-42db-b915-bf9670d38cdc,CORRECT
vbse015,cvhunter4,cvhunter,4,1668161606323,af025988-70ba-4e86-8b9d-3004de40a677,CORRECT
vbse015,vibro1,vibro,1,1668161608072,de555d74-e482-4ce9-9991-1ef3bf7e7916,CORRECT
vbse015,vibro4,vibro,4,1668161610647,eda40d9d-2a9e-44a7-81ab-fa9a826663ea,CORRECT
vbse015,vibro3,vibro,3,1668161612938,da148b98-2573-4f16-815c-6f45b623c9c7,CORRECT
vbse015,visione1,visione,1,1668161616920,b82fba5a-c2c4-4b33-873d-3b7ff6e995c7,CORRECT
vbse015,visione3,visione,3,1668161643181,ce618806-3932-4b08-8fe5-25d9be6bad26,CORRECT
vbse015,cvhunter2,cvhunter,2,1668161666774,c08385eb-b1ec-4ed5-ba19-9441104833d0,CORRECT
vbse015,cvhunter3,cvhunter,3,1668161668778,d4549039-edba-4f67-be8d-49631b50e3d1,CORRECT
vbse016,vibro2,vibro,2,1668161944233,187d8f55-a92a-4126-8bd5-c5699951b0b3,CORRECT
vbse016,visione2,visione,2,1668161947827,1d61d10a-70e3-4e29-b101-3bfb8608707f,CORRECT
vbse016,visione3,visione,3,1668161947911,ce618806-3932-4b08-8fe5-25d9be6bad26,CORRECT
vbse016,visione4,visione,4,1668161949792,fabeb831-4d50-42db-b915-bf9670d38cdc,CORRECT
vbse016,visione1,visione,1,1668161949844,b82fba5a-c2c4-4b33-873d-3b7ff6e995c7,CORRECT
vbse016,vibro1,vibro,1,1668161950896,de555d74-e482-4ce9-9991-1ef3bf7e7916,CORRECT
vbse016,vibro3,vibro,3,1668161951281,da148b98-2573-4f16-815c-6f45b623c9c7,CORRECT
vbse016,vibro2,vibro,2,1668161953319,187d8f55-a92a-4126-8bd5-c5699951b0b3,WRONG
vbse016,vibro2,vibro,2,1668161960661,187d8f55-a92a-4126-8bd5-c5699951b0b3,WRONG
vbse016,vibro1,vibro,1,1668161965101,de555d74-e482-4ce9-9991-1ef3bf7e7916,WRONG
vbse016,vibro2,vibro,2,1668161973165,187d8f55-a92a-4126-8bd5-c5699951b0b3,WRONG
vbse016,vibro4,vibro,4,1668161980787,eda40d9d-2a9e-44a7-81ab-fa9a826663ea,CORRECT
vbse016,cvhunter1,cvhunter,1,1668161994662,a2b6d319-7da0-4278-a13b-ae553c892168,WRONG
vbse016,vibro3,vibro,3,1668161995087,da148b98-2573-4f16-815c-6f45b623c9c7,CORRECT
vbse016,vibro2,vibro,2,1668162004226,187d8f55-a92a-4126-8bd5-c5699951b0b3,CORRECT
vbse016,cvhunter4,cvhunter,4,1668162030178,af025988-70ba-4e86-8b9d-3004de40a677,CORRECT
vbse016,cvhunter2,cvhunter,2,1668162075908,c08385eb-b1ec-4ed5-ba19-9441104833d0,CORRECT
vbse016,cvhunter3,cvhunter,3,1668162090007,d4549039-edba-4f67-be8d-49631b50e3d1,CORRECT
vbse016,vibro1,vibro,1,1668162099064,de555d74-e482-4ce9-9991-1ef3bf7e7916,WRONG
vbse016,vibro1,vibro,1,1668162107919,de555d74-e482-4ce9-9991-1ef3bf7e7916,WRONG
vbse016,vibro1,vibro,1,1668162118638,de555d74-e482-4ce9-9991-1ef3bf7e7916,CORRECT
vbse017,cvhunter2,cvhunter,2,1668162591943,c08385eb-b1ec-4ed5-ba19-9441104833d0,CORRECT
vbse017,visione2,visione,2,1668162596107,1d61d10a-70e3-4e29-b101-3bfb8608707f,CORRECT
vbse017,cvhunter3,cvhunter,3,1668162597842,d4549039-edba-4f67-be8d-49631b50e3d1,CORRECT
vbse017,visione3,visione,3,1668162599507,ce618806-3932-4b08-8fe5-25d9be6bad26,WRONG
vbse017,visione4,visione,4,1668162609652,fabeb831-4d50-42db-b915-bf9670d38cdc,CORRECT
vbse017,vibro2,vibro,2,1668162610856,187d8f55-a92a-4126-8bd5-c5699951b0b3,CORRECT
vbse017,cvhunter1,cvhunter,1,1668162614820,a2b6d319-7da0-4278-a13b-ae553c892168,CORRECT
vbse017,visione1,visione,1,1668162615515,b82fba5a-c2c4-4b33-873d-3b7ff6e995c7,CORRECT
vbse017,visione3,visione,3,1668162620695,ce618806-3932-4b08-8fe5-25d9be6bad26,CORRECT
vbse017,vibro4,vibro,4,1668162638741,eda40d9d-2a9e-44a7-81ab-fa9a826663ea,CORRECT
vbse017,vibro3,vibro,3,1668162645991,da148b98-2573-4f16-815c-6f45b623c9c7,CORRECT
vbse017,vibro1,vibro,1,1668162672167,de555d74-e482-4ce9-9991-1ef3bf7e7916,CORRECT
vbse017,cvhunter4,cvhunter,4,1668162734494,af025988-70ba-4e86-8b9d-3004de40a677,CORRECT
vbse018,visione3,visione,3,1668163573546,ce618806-3932-4b08-8fe5-25d9be6bad26,CORRECT
vbse018,cvhunter1,cvhunter,1,1668163574335,a2b6d319-7da0-4278-a13b-ae553c892168,CORRECT
vbse018,cvhunter4,cvhunter,4,1668163575558,af025988-70ba-4e86-8b9d-3004de40a677,CORRECT
vbse018,visione1,visione,1,1668163575771,b82fba5a-c2c4-4b33-873d-3b7ff6e995c7,CORRECT
vbse018,vibro2,vibro,2,1668163578478,187d8f55-a92a-4126-8bd5-c5699951b0b3,CORRECT
vbse018,cvhunter2,cvhunter,2,1668163579733,c08385eb-b1ec-4ed5-ba19-9441104833d0,CORRECT
vbse018,visione2,visione,2,1668163583164,1d61d10a-70e3-4e29-b101-3bfb8608707f,CORRECT
vbse018,vibro4,vibro,4,1668163588566,eda40d9d-2a9e-44a7-81ab-fa9a826663ea,CORRECT
vbse018,visione4,visione,4,1668163589688,fabeb831-4d50-42db-b915-bf9670d38cdc,CORRECT
vbse018,vibro3,vibro,3,1668163595627,da148b98-2573-4f16-815c-6f45b623c9c7,CORRECT
vbse018,cvhunter3,cvhunter,3,1668163624873,d4549039-edba-4f67-be8d-49631b50e3d1,CORRECT
vbse018,vibro1,vibro,1,1668163659882,de555d74-e482-4ce9-9991-1ef3bf7e7916,CORRECT
vbse019,cvhunter1,cvhunter,1,1668163691180,a2b6d319-7da0-4278-a13b-ae553c892168,CORRECT
vbse019,cvhunter3,cvhunter,3,1668163692460,d4549039-edba-4f67-be8d-49631b50e3d1,CORRECT
vbse019,cvhunter2,cvhunter,2,1668163692966,c08385eb-b1ec-4ed5-ba19-9441104833d0,CORRECT
vbse019,cvhunter4,cvhunter,4,1668163694011,af025988-70ba-4e86-8b9d-3004de40a677,CORRECT
vbse019,visione1,visione,1,1668163694527,b82fba5a-c2c4-4b33-873d-3b7ff6e995c7,CORRECT
vbse019,visione3,visione,3,1668163695394,ce618806-3932-4b08-8fe5-25d9be6bad26,CORRECT
vbse019,visione2,visione,2,1668163696287,1d61d10a-70e3-4e29-b101-3bfb8608707f,CORRECT
vbse019,visione4,visione,4,1668163696946,fabeb831-4d50-42db-b915-bf9670d38cdc,CORRECT
vbse019,vibro2,vibro,2,1668163734981,187d8f55-a92a-4126-8bd5-c5699951b0b3,CORRECT
vbse019,vibro4,vibro,4,1668163739282,eda40d9d-2a9e-44a7-81ab-fa9a826663ea,CORRECT
vbse019,vibro3,vibro,3,1668163752232,da148b98-2573-4f16-815c-6f45b623c9c7,CORRECT
vbse019,vibro1,vibro,1,1668163871407,de555d74-e482-4ce9-9991-1ef3bf7e7916,CORRECT
vbse020,visione4,visione,4,1668163956279,fabeb831-4d50-42db-b915-bf9670d38cdc,CORRECT
vbse020,vibro2,vibro,2,1668163984933,187d8f55-a92a-4126-8bd5-c5699951b0b3,CORRECT
vbse020,visione2,visione,2,1668164000433,1d61d10a-70e3-4e29-b101-3bfb8608707f,CORRECT
vbse020,visione1,visione,1,1668164001365,b82fba5a-c2c4-4b33-873d-3b7ff6e995c7,CORRECT
vbse020,visione3,visione,3,1668164041392,ce618806-3932-4b08-8fe5-25d9be6bad26,CORRECT
vbse020,vibro4,vibro,4,1668164181462,eda40d9d-2a9e-44a7-81ab-fa9a826663ea,CORRECT
vbse020,cvhunter3,cvhunter,3,1668164191267,d4549039-edba-4f67-be8d-49631b50e3d1,WRONG
vbse020,cvhunter3,cvhunter,3,1668164194349,d4549039-edba-4f67-be8d-49631b50e3d1,WRONG
vbse020,cvhunter3,cvhunter,3,1668164195434,d4549039-edba-4f67-be8d-49631b50e3d1,WRONG
vbse020,cvhunter3,cvhunter,3,1668164196890,d4549039-edba-4f67-be8d-49631b50e3d1,WRONG
vbse021,visione3,visione,3,1668164280851,ce618806-3932-4b08-8fe5-25d9be6bad26,CORRECT
vbse021,cvhunter3,cvhunter,3,1668164280912,d4549039-edba-4f67-be8d-49631b50e3d1,CORRECT
vbse021,visione2,visione,2,1668164281167,1d61d10a-70e3-4e29-b101-3bfb8608707f,CORRECT
vbse021,vibro2,vibro,2,1668164281434,187d8f55-a92a-4126-8bd5-c5699951b0b3,CORRECT
vbse021,cvhunter1,cvhunter,1,1668164282499,a2b6d319-7da0-4278-a13b-ae553c892168,CORRECT
vbse021,visione4,visione,4,1668164283158,fabeb831-4d50-42db-b915-bf9670d38cdc,CORRECT
vbse021,visione1,visione,1,1668164283315,b82fba5a-c2c4-4b33-873d-3b7ff6e995c7,CORRECT
vbse021,vibro1,vibro,1,1668164283551,de555d74-e482-4ce9-9991-1ef3bf7e7916,CORRECT
vbse021,vibro3,vibro,3,1668164283989,da148b98-2573-4f16-815c-6f45b623c9c7,CORRECT
vbse021,cvhunter2,cvhunter,2,1668164285427,c08385eb-b1ec-4ed5-ba19-9441104833d0,CORRECT
vbse021,cvhunter4,cvhunter,4,1668164285525,af025988-70ba-4e86-8b9d-3004de40a677,CORRECT
vbse021,vibro4,vibro,4,1668164288227,eda40d9d-2a9e-44a7-81ab-fa9a826663ea,CORRECT
vbse022,cvhunter1,cvhunter,1,1668164337268,a2b6d319-7da0-4278-a13b-ae553c892168,CORRECT
vbse022,vibro3,vibro,3,1668164340801,da148b98-2573-4f16-815c-6f45b623c9c7,CORRECT
vbse022,vibro2,vibro,2,1668164341662,187d8f55-a92a-4126-8bd5-c5699951b0b3,CORRECT
vbse022,cvhunter3,cvhunter,3,1668164343114,d4549039-edba-4f67-be8d-49631b50e3d1,WRONG
vbse022,visione2,visione,2,1668164343320,1d61d10a-70e3-4e29-b101-3bfb8608707f,CORRECT
vbse022,cvhunter4,cvhunter,4,1668164343742,af025988-70ba-4e86-8b9d-3004de40a677,CORRECT
vbse022,visione3,visione,3,1668164346618,ce618806-3932-4b08-8fe5-25d9be6bad26,CORRECT
vbse022,vibro1,vibro,1,1668164347096,de555d74-e482-4ce9-9991-1ef3bf7e7916,CORRECT
vbse022,cvhunter3,cvhunter,3,1668164348560,d4549039-edba-4f67-be8d-49631b50e3d1,CORRECT
vbse022,cvhunter2,cvhunter,2,1668164350728,c08385eb-b1ec-4ed5-ba19-9441104833d0,CORRECT
vbse022,visione1,visione,1,1668164360700,b82fba5a-c2c4-4b33-873d-3b7ff6e995c7,WRONG
vbse022,vibro4,vibro,4,1668164364002,eda40d9d-2a9e-44a7-81ab-fa9a826663ea,CORRECT
vbse022,visione4,visione,4,1668164375131,fabeb831-4d50-42db-b915-bf9670d38cdc,CORRECT
vbse022,visione1,visione,1,1668164376213,b82fba5a-c2c4-4b33-873d-3b7ff6e995c7,CORRECT
vbse022,vibro1,vibro,1,1668164381152,de555d74-e482-4ce9-9991-1ef3bf7e7916,CORRECT
vbse023,visione2,visione,2,1668164518487,1d61d10a-70e3-4e29-b101-3bfb8608707f,WRONG
vbse023,cvhunter3,cvhunter,3,1668164589204,d4549039-edba-4f67-be8d-49631b50e3d1,WRONG
vbse023,visione1,visione,1,1668164622210,b82fba5a-c2c4-4b33-873d-3b7ff6e995c7,CORRECT
vbse023,cvhunter4,cvhunter,4,1668164642630,af025988-70ba-4e86-8b9d-3004de40a677,CORRECT
vbse023,cvhunter3,cvhunter,3,1668164646371,d4549039-edba-4f67-be8d-49631b50e3d1,CORRECT
vbse023,cvhunter1,cvhunter,1,1668164658027,a2b6d319-7da0-4278-a13b-ae553c892168,WRONG
vbse023,vibro4,vibro,4,1668164665065,eda40d9d-2a9e-44a7-81ab-fa9a826663ea,CORRECT
vbse023,vibro2,vibro,2,1668164678380,187d8f55-a92a-4126-8bd5-c5699951b0b3,CORRECT
vbse023,vibro3,vibro,3,1668164679698,da148b98-2573-4f16-815c-6f45b623c9c7,WRONG
vbse023,cvhunter2,cvhunter,2,1668164700937,c08385eb-b1ec-4ed5-ba19-9441104833d0,CORRECT
vbse023,cvhunter1,cvhunter,1,1668164704324,a2b6d319-7da0-4278-a13b-ae553c892168,WRONG
vbse023,cvhunter1,cvhunter,1,1668164705424,a2b6d319-7da0-4278-a13b-ae553c892168,WRONG
vbse023,visione3,visione,3,1668164714848,ce618806-3932-4b08-8fe5-25d9be6bad26,CORRECT
vbse023,visione4,visione,4,1668164718255,fabeb831-4d50-42db-b915-bf9670d38cdc,CORRECT
vbse023,visione2,visione,2,1668164787244,1d61d10a-70e3-4e29-b101-3bfb8608707f,CORRECT
vbse024,visione1,visione,1,1668164842741,b82fba5a-c2c4-4b33-873d-3b7ff6e995c7,CORRECT
vbse024,visione2,visione,2,1668164842863,1d61d10a-70e3-4e29-b101-3bfb8608707f,CORRECT
vbse024,cvhunter2,cvhunter,2,1668164842938,c08385eb-b1ec-4ed5-ba19-9441104833d0,CORRECT
vbse024,cvhunter4,cvhunter,4,1668164844823,af025988-70ba-4e86-8b9d-3004de40a677,CORRECT
vbse024,vibro4,vibro,4,1668164845413,eda40d9d-2a9e-44a7-81ab-fa9a826663ea,CORRECT
vbse024,cvhunter3,cvhunter,3,1668164846249,d4549039-edba-4f67-be8d-49631b50e3d1,CORRECT
vbse024,visione3,visione,3,1668164846456,ce618806-3932-4b08-8fe5-25d9be6bad26,CORRECT
vbse024,visione4,visione,4,1668164848744,fabeb831-4d50-42db-b915-bf9670d38cdc,CORRECT
vbse024,vibro2,vibro,2,1668164853558,187d8f55-a92a-4126-8bd5-c5699951b0b3,CORRECT
vbse024,vibro3,vibro,3,1668164858281,da148b98-2573-4f16-815c-6f45b623c9c7,CORRECT
vbse024,cvhunter1,cvhunter,1,1668164874026,a2b6d319-7da0-4278-a13b-ae553c892168,CORRECT
vbse024,vibro1,vibro,1,1668164936804,de555d74-e482-4ce9-9991-1ef3bf7e7916,CORRECT
vbse025,vibro3,vibro,3,1668165040320,da148b98-2573-4f16-815c-6f45b623c9c7,CORRECT
vbse025,cvhunter3,cvhunter,3,1668165073243,d4549039-edba-4f67-be8d-49631b50e3d1,CORRECT
vbse025,vibro2,vibro,2,1668165121692,187d8f55-a92a-4126-8bd5-c5699951b0b3,CORRECT
vbse025,cvhunter2,cvhunter,2,1668165230661,c08385eb-b1ec-4ed5-ba19-9441104833d0,CORRECT
vbse025,cvhunter1,cvhunter,1,1668165235232,a2b6d319-7da0-4278-a13b-ae553c892168,CORRECT
vbse026,vibro2,vibro,2,1668165403488,187d8f55-a92a-4126-8bd5-c5699951b0b3,CORRECT
vbse026,cvhunter2,cvhunter,2,1668165484147,c08385eb-b1ec-4ed5-ba19-9441104833d0,CORRECT
vbse026,cvhunter3,cvhunter,3,1668165505193,d4549039-edba-4f67-be8d-49631b50e3d1,CORRECT
vbse026,vibro1,vibro,1,1668165601620,de555d74-e482-4ce9-9991-1ef3bf7e7916,CORRECT
vbse026,vibro3,vibro,3,1668165663326,da148b98-2573-4f16-815c-6f45b623c9c7,CORRECT
vbse028,cvhunter2,cvhunter,2,1668165767265,c08385eb-b1ec-4ed5-ba19-9441104833d0,WRONG
vbse028,visione1,visione,1,1668165769930,b82fba5a-c2c4-4b33-873d-3b7ff6e995c7,WRONG
vbse028,visione2,visione,2,1668165779424,1d61d10a-70e3-4e29-b101-3bfb8608707f,WRONG
vbse028,vibro2,vibro,2,1668165796010,187d8f55-a92a-4126-8bd5-c5699951b0b3,CORRECT
vbse028,visione2,visione,2,1668165816464,1d61d10a-70e3-4e29-b101-3bfb8608707f,CORRECT
vbse028,visione3,visione,3,1668165818785,ce618806-3932-4b08-8fe5-25d9be6bad26,CORRECT
vbse028,visione1,visione,1,1668165822009,b82fba5a-c2c4-4b33-873d-3b7ff6e995c7,CORRECT
vbse028,visione4,visione,4,1668165824877,fabeb831-4d50-42db-b915-bf9670d38cdc,WRONG
vbse028,vibro1,vibro,1,1668165834855,de555d74-e482-4ce9-9991-1ef3bf7e7916,WRONG
vbse028,vibro1,vibro,1,1668165852273,de555d74-e482-4ce9-9991-1ef3bf7e7916,CORRECT
vbse028,cvhunter4,cvhunter,4,1668165852704,af025988-70ba-4e86-8b9d-3004de40a677,CORRECT
vbse028,vibro4,vibro,4,1668165864654,eda40d9d-2a9e-44a7-81ab-fa9a826663ea,CORRECT
vbse028,visione4,visione,4,1668165881795,fabeb831-4d50-42db-b915-bf9670d38cdc,CORRECT
vbse028,cvhunter1,cvhunter,1,1668165887127,a2b6d319-7da0-4278-a13b-ae553c892168,WRONG
vbse028,cvhunter2,cvhunter,2,1668165890212,c08385eb-b1ec-4ed5-ba19-9441104833d0,CORRECT
vbse028,cvhunter3,cvhunter,3,1668165900006,d4549039-edba-4f67-be8d-49631b50e3d1,WRONG
vbse028,vibro3,vibro,3,1668165926446,da148b98-2573-4f16-815c-6f45b623c9c7,WRONG
vbse028,cvhunter1,cvhunter,1,1668165930750,a2b6d319-7da0-4278-a13b-ae553c892168,CORRECT
vbse028,cvhunter3,cvhunter,3,1668165934383,d4549039-edba-4f67-be8d-49631b50e3d1,WRONG
vbse028,vibro3,vibro,3,1668165955427,da148b98-2573-4f16-815c-6f45b623c9c7,WRONG
vbse028,cvhunter3,cvhunter,3,1668165956273,d4549039-edba-4f67-be8d-49631b50e3d1,CORRECT
vbse028,vibro3,vibro,3,1668166004877,da148b98-2573-4f16-815c-6f45b623c9c7,CORRECT
vbse029,visione3,visione,3,1668166068671,ce618806-3932-4b08-8fe5-25d9be6bad26,CORRECT
vbse029,vibro2,vibro,2,1668166071562,187d8f55-a92a-4126-8bd5-c5699951b0b3,CORRECT
vbse029,cvhunter2,cvhunter,2,1668166079775,c08385eb-b1ec-4ed5-ba19-9441104833d0,CORRECT
vbse029,cvhunter3,cvhunter,3,1668166080147,d4549039-edba-4f67-be8d-49631b50e3d1,CORRECT
vbse029,visione1,visione,1,1668166082043,b82fba5a-c2c4-4b33-873d-3b7ff6e995c7,CORRECT
vbse029,cvhunter4,cvhunter,4,1668166085856,af025988-70ba-4e86-8b9d-3004de40a677,CORRECT
vbse029,visione4,visione,4,1668166100926,fabeb831-4d50-42db-b915-bf9670d38cdc,CORRECT
vbse029,visione2,visione,2,1668166111374,1d61d10a-70e3-4e29-b101-3bfb8608707f,WRONG
vbse029,visione2,visione,2,1668166126881,1d61d10a-70e3-4e29-b101-3bfb8608707f,CORRECT
vbse029,vibro4,vibro,4,1668166137017,eda40d9d-2a9e-44a7-81ab-fa9a826663ea,CORRECT
vbse029,vibro3,vibro,3,1668166298031,da148b98-2573-4f16-815c-6f45b623c9c7,CORRECT
vbse030,vibro2,vibro,2,1668166387804,187d8f55-a92a-4126-8bd5-c5699951b0b3,CORRECT
vbse030,visione1,visione,1,1668166392991,b82fba5a-c2c4-4b33-873d-3b7ff6e995c7,CORRECT
vbse030,visione3,visione,3,1668166393010,ce618806-3932-4b08-8fe5-25d9be6bad26,CORRECT
vbse030,cvhunter2,cvhunter,2,1668166393130,c08385eb-b1ec-4ed5-ba19-9441104833d0,CORRECT
vbse030,cvhunter3,cvhunter,3,1668166397063,d4549039-edba-4f67-be8d-49631b50e3d1,CORRECT
vbse030,vibro3,vibro,3,1668166397503,da148b98-2573-4f16-815c-6f45b623c9c7,CORRECT
vbse030,vibro4,vibro,4,1668166400218,eda40d9d-2a9e-44a7-81ab-fa9a826663ea,CORRECT
vbse030,cvhunter1,cvhunter,1,1668166400971,a2b6d319-7da0-4278-a13b-ae553c892168,CORRECT
vbse030,visione4,visione,4,1668166416793,fabeb831-4d50-42db-b915-bf9670d38cdc,CORRECT
vbse030,visione2,visione,2,1668166431442,1d61d10a-70e3-4e29-b101-3bfb8608707f,CORRECT
vbse030,vibro1,vibro,1,1668166432493,de555d74-e482-4ce9-9991-1ef3bf7e7916,CORRECT
vbse030,cvhunter4,cvhunter,4,1668166434896,af025988-70ba-4e86-8b9d-3004de40a677,CORRECT
vbse031,vibro3,vibro,3,1668170139796,da148b98-2573-4f16-815c-6f45b623c9c7,WRONG
vbse031,vibro4,vibro,4,1668170148036,eda40d9d-2a9e-44a7-81ab-fa9a826663ea,CORRECT
vbse031,vibro2,vibro,2,1668170164022,187d8f55-a92a-4126-8bd5-c5699951b0b3,CORRECT
vbse031,visione1,visione,1,1668170166824,b82fba5a-c2c4-4b33-873d-3b7ff6e995c7,CORRECT
vbse031,cvhunter1,cvhunter,1,1668170206111,a2b6d319-7da0-4278-a13b-ae553c892168,CORRECT
vbse031,cvhunter4,cvhunter,4,1668170219797,af025988-70ba-4e86-8b9d-3004de40a677,CORRECT
vbse031,vibro3,vibro,3,1668170223521,da148b98-2573-4f16-815c-6f45b623c9c7,CORRECT
vbse031,cvhunter3,cvhunter,3,1668170227810,d4549039-edba-4f67-be8d-49631b50e3d1,CORRECT
vbse031,visione4,visione,4,1668170285492,fabeb831-4d50-42db-b915-bf9670d38cdc,CORRECT
vbse031,visione3,visione,3,1668170314453,ce618806-3932-4b08-8fe5-25d9be6bad26,CORRECT
vbse031,vibro1,vibro,1,1668170317737,de555d74-e482-4ce9-9991-1ef3bf7e7916,CORRECT
vbse032,vibro2,vibro,2,1668170429760,187d8f55-a92a-4126-8bd5-c5699951b0b3,WRONG
vbse032,visione3,visione,3,1668170434216,ce618806-3932-4b08-8fe5-25d9be6bad26,WRONG
vbse032,visione2,visione,2,1668170439685,1d61d10a-70e3-4e29-b101-3bfb8608707f,WRONG
vbse032,visione3,visione,3,1668170440457,ce618806-3932-4b08-8fe5-25d9be6bad26,CORRECT
vbse032,visione1,visione,1,1668170441159,b82fba5a-c2c4-4b33-873d-3b7ff6e995c7,WRONG
vbse032,vibro2,vibro,2,1668170443983,187d8f55-a92a-4126-8bd5-c5699951b0b3,WRONG
vbse032,visione2,visione,2,1668170444855,1d61d10a-70e3-4e29-b101-3bfb8608707f,CORRECT
vbse032,vibro1,vibro,1,1668170445062,de555d74-e482-4ce9-9991-1ef3bf7e7916,WRONG
vbse032,cvhunter2,cvhunter,2,1668170451597,c08385eb-b1ec-4ed5-ba19-9441104833d0,CORRECT
vbse032,visione4,visione,4,1668170454230,fabeb831-4d50-42db-b915-bf9670d38cdc,CORRECT
vbse032,vibro2,vibro,2,1668170457998,187d8f55-a92a-4126-8bd5-c5699951b0b3,CORRECT
vbse032,cvhunter3,cvhunter,3,1668170460025,d4549039-edba-4f67-be8d-49631b50e3d1,CORRECT
vbse032,vibro4,vibro,4,1668170460393,eda40d9d-2a9e-44a7-81ab-fa9a826663ea,WRONG
vbse032,cvhunter1,cvhunter,1,1668170474472,a2b6d319-7da0-4278-a13b-ae553c892168,CORRECT
vbse032,vibro4,vibro,4,1668170486772,eda40d9d-2a9e-44a7-81ab-fa9a826663ea,CORRECT
vbse032,vibro1,vibro,1,1668170491803,de555d74-e482-4ce9-9991-1ef3bf7e7916,CORRECT
vbse032,visione1,visione,1,1668170511642,b82fba5a-c2c4-4b33-873d-3b7ff6e995c7,WRONG
vbse032,visione1,visione,1,1668170523687,b82fba5a-c2c4-4b33-873d-3b7ff6e995c7,CORRECT
vbse032,vibro3,vibro,3,1668170561694,da148b98-2573-4f16-815c-6f45b623c9c7,WRONG
vbse032,cvhunter4,cvhunter,4,1668170567516,af025988-70ba-4e86-8b9d-3004de40a677,CORRECT
vbse032,vibro3,vibro,3,1668170615927,da148b98-2573-4f16-815c-6f45b623c9c7,CORRECT
vbse033,vibro4,vibro,4,1668170978735,eda40d9d-2a9e-44a7-81ab-fa9a826663ea,CORRECT
vbse033,vibro1,vibro,1,1668170986361,de555d74-e482-4ce9-9991-1ef3bf7e7916,CORRECT
vbse033,cvhunter2,cvhunter,2,1668171004849,c08385eb-b1ec-4ed5-ba19-9441104833d0,CORRECT
vbse033,vibro2,vibro,2,1668171027756,187d8f55-a92a-4126-8bd5-c5699951b0b3,CORRECT
vbse033,cvhunter1,cvhunter,1,1668171128258,a2b6d319-7da0-4278-a13b-ae553c892168,CORRECT
vbse033,visione4,visione,4,1668171175860,fabeb831-4d50-42db-b915-bf9670d38cdc,CORRECT
vbse033,cvhunter3,cvhunter,3,1668171239624,d4549039-edba-4f67-be8d-49631b50e3d1,WRONG
vbse033,visione3,visione,3,1668171239663,ce618806-3932-4b08-8fe5-25d9be6bad26,CORRECT
vbse034,visione2,visione,2,1668171310613,1d61d10a-70e3-4e29-b101-3bfb8608707f,CORRECT
vbse034,vibro2,vibro,2,1668171312531,187d8f55-a92a-4126-8bd5-c5699951b0b3,CORRECT
vbse034,visione1,visione,1,1668171314931,b82fba5a-c2c4-4b33-873d-3b7ff6e995c7,CORRECT
vbse034,vibro3,vibro,3,1668171316832,da148b98-2573-4f16-815c-6f45b623c9c7,CORRECT
vbse034,cvhunter4,cvhunter,4,1668171317137,af025988-70ba-4e86-8b9d-3004de40a677,CORRECT
vbse034,visione3,visione,3,1668171320393,ce618806-3932-4b08-8fe5-25d9be6bad26,CORRECT
vbse034,visione4,visione,4,1668171321519,fabeb831-4d50-42db-b915-bf9670d38cdc,CORRECT
vbse034,vibro4,vibro,4,1668171322450,eda40d9d-2a9e-44a7-81ab-fa9a826663ea,CORRECT
vbse034,cvhunter3,cvhunter,3,1668171325625,d4549039-edba-4f67-be8d-49631b50e3d1,CORRECT
vbse034,cvhunter2,cvhunter,2,1668171360721,c08385eb-b1ec-4ed5-ba19-9441104833d0,CORRECT
vbse034,cvhunter1,cvhunter,1,1668171362757,a2b6d319-7da0-4278-a13b-ae553c892168,CORRECT
vbse034,vibro1,vibro,1,1668171380576,de555d74-e482-4ce9-9991-1ef3bf7e7916,CORRECT
vbse035,cvhunter4,cvhunter,4,1668171430663,af025988-70ba-4e86-8b9d-3004de40a677,CORRECT
vbse035,vibro3,vibro,3,1668171432640,da148b98-2573-4f16-815c-6f45b623c9c7,CORRECT
vbse035,vibro1,vibro,1,1668171439828,de555d74-e482-4ce9-9991-1ef3bf7e7916,CORRECT
vbse035,visione4,visione,4,1668171445342,fabeb831-4d50-42db-b915-bf9670d38cdc,CORRECT
vbse035,vibro4,vibro,4,1668171472223,eda40d9d-2a9e-44a7-81ab-fa9a826663ea,CORRECT
vbse035,vibro1,vibro,1,1668171496770,de555d74-e482-4ce9-9991-1ef3bf7e7916,CORRECT
vbse035,visione3,visione,3,1668171502792,ce618806-3932-4b08-8fe5-25d9be6bad26,CORRECT
vbse035,cvhunter2,cvhunter,2,1668171519151,c08385eb-b1ec-4ed5-ba19-9441104833d0,CORRECT
vbse035,vibro2,vibro,2,1668171526635,187d8f55-a92a-4126-8bd5-c5699951b0b3,CORRECT
vbse035,visione1,visione,1,1668171532055,b82fba5a-c2c4-4b33-873d-3b7ff6e995c7,CORRECT
vbse035,visione2,visione,2,1668171568923,1d61d10a-70e3-4e29-b101-3bfb8608707f,CORRECT
vbse035,visione2,visione,2,1668171573076,1d61d10a-70e3-4e29-b101-3bfb8608707f,CORRECT
vbse035,cvhunter1,cvhunter,1,1668171584077,a2b6d319-7da0-4278-a13b-ae553c892168,WRONG
vbse035,cvhunter1,cvhunter,1,1668171597919,a2b6d319-7da0-4278-a13b-ae553c892168,WRONG
vbse035,cvhunter1,cvhunter,1,1668171623955,a2b6d319-7da0-4278-a13b-ae553c892168,CORRECT
vbse035,cvhunter3,cvhunter,3,1668171664462,d4549039-edba-4f67-be8d-49631b50e3d1,CORRECT
vbse037,cvhunter3,cvhunter,3,1668171781927,d4549039-edba-4f67-be8d-49631b50e3d1,CORRECT
vbse037,cvhunter2,cvhunter,2,1668171784948,c08385eb-b1ec-4ed5-ba19-9441104833d0,CORRECT
vbse037,cvhunter1,cvhunter,1,1668171785746,a2b6d319-7da0-4278-a13b-ae553c892168,CORRECT
vbse037,vibro4,vibro,4,1668171791757,eda40d9d-2a9e-44a7-81ab-fa9a826663ea,WRONG
vbse037,vibro3,vibro,3,1668171793308,da148b98-2573-4f16-815c-6f45b623c9c7,WRONG
vbse037,vibro3,vibro,3,1668171810058,da148b98-2573-4f16-815c-6f45b623c9c7,CORRECT
vbse037,cvhunter4,cvhunter,4,1668171810103,af025988-70ba-4e86-8b9d-3004de40a677,CORRECT
vbse037,vibro4,vibro,4,1668171812016,eda40d9d-2a9e-44a7-81ab-fa9a826663ea,CORRECT
vbse037,vibro2,vibro,2,1668171881113,187d8f55-a92a-4126-8bd5-c5699951b0b3,CORRECT
vbse037,vibro1,vibro,1,1668171896463,de555d74-e482-4ce9-9991-1ef3bf7e7916,WRONG
vbse037,vibro1,vibro,1,1668171952258,de555d74-e482-4ce9-9991-1ef3bf7e7916,CORRECT
vbse038,cvhunter2,cvhunter,2,1668172172543,c08385eb-b1ec-4ed5-ba19-9441104833d0,WRONG
vbse038,visione4,visione,4,1668172182982,fabeb831-4d50-42db-b915-bf9670d38cdc,CORRECT
vbse038,visione3,visione,3,1668172188686,ce618806-3932-4b08-8fe5-25d9be6bad26,CORRECT
vbse038,vibro4,vibro,4,1668172191441,eda40d9d-2a9e-44a7-81ab-fa9a826663ea,CORRECT
vbse038,visione2,visione,2,1668172191674,1d61d10a-70e3-4e29-b101-3bfb8608707f,WRONG
vbse038,cvhunter2,cvhunter,2,1668172194242,c08385eb-b1ec-4ed5-ba19-9441104833d0,CORRECT
vbse038,cvhunter4,cvhunter,4,1668172197422,af025988-70ba-4e86-8b9d-3004de40a677,WRONG
vbse038,vibro1,vibro,1,1668172198197,de555d74-e482-4ce9-9991-1ef3bf7e7916,CORRECT
vbse038,visione2,visione,2,1668172198394,1d61d10a-70e3-4e29-b101-3bfb8608707f,CORRECT
vbse038,visione1,visione,1,1668172199067,b82fba5a-c2c4-4b33-873d-3b7ff6e995c7,WRONG
vbse038,cvhunter1,cvhunter,1,1668172205838,a2b6d319-7da0-4278-a13b-ae553c892168,WRONG
vbse038,cvhunter1,cvhunter,1,1668172215357,a2b6d319-7da0-4278-a13b-ae553c892168,CORRECT
vbse038,vibro3,vibro,3,1668172216807,da148b98-2573-4f16-815c-6f45b623c9c7,CORRECT
vbse038,visione1,visione,1,1668172225806,b82fba5a-c2c4-4b33-873d-3b7ff6e995c7,CORRECT
vbse038,cvhunter3,cvhunter,3,1668172242638,d4549039-edba-4f67-be8d-49631b50e3d1,CORRECT
vbse038,cvhunter4,cvhunter,4,1668172262409,af025988-70ba-4e86-8b9d-3004de40a677,CORRECT
vbse038,vibro2,vibro,2,1668172322570,187d8f55-a92a-4126-8bd5-c5699951b0b3,CORRECT
vbse039,vibro2,vibro,2,1668172367093,187d8f55-a92a-4126-8bd5-c5699951b0b3,CORRECT
vbse039,vibro4,vibro,4,1668172371329,eda40d9d-2a9e-44a7-81ab-fa9a826663ea,CORRECT
vbse039,vibro1,vibro,1,1668172390326,de555d74-e482-4ce9-9991-1ef3bf7e7916,CORRECT
vbse039,visione3,visione,3,1668172390717,ce618806-3932-4b08-8fe5-25d9be6bad26,WRONG
vbse039,visione2,visione,2,1668172394724,1d61d10a-70e3-4e29-b101-3bfb8608707f,CORRECT
vbse039,vibro3,vibro,3,1668172395001,da148b98-2573-4f16-815c-6f45b623c9c7,CORRECT
vbse039,visione3,visione,3,1668172407304,ce618806-3932-4b08-8fe5-25d9be6bad26,CORRECT
vbse039,cvhunter1,cvhunter,1,1668172432265,a2b6d319-7da0-4278-a13b-ae553c892168,CORRECT
vbse039,cvhunter3,cvhunter,3,1668172437698,d4549039-edba-4f67-be8d-49631b50e3d1,CORRECT
vbse039,visione4,visione,4,1668172451670,fabeb831-4d50-42db-b915-bf9670d38cdc,CORRECT
vbse039,cvhunter4,cvhunter,4,1668172462710,af025988-70ba-4e86-8b9d-3004de40a677,CORRECT
vbse039,visione1,visione,1,1668172532222,b82fba5a-c2c4-4b33-873d-3b7ff6e995c7,CORRECT
vbse039,cvhunter2,cvhunter,2,1668172573408,c08385eb-b1ec-4ed5-ba19-9441104833d0,CORRECT
vbse040,visione1,visione,1,1668172631547,b82fba5a-c2c4-4b33-873d-3b7ff6e995c7,CORRECT
vbse040,vibro2,vibro,2,1668172632101,187d8f55-a92a-4126-8bd5-c5699951b0b3,WRONG
vbse040,visione3,visione,3,1668172638617,ce618806-3932-4b08-8fe5-25d9be6bad26,WRONG
vbse040,vibro2,vibro,2,1668172647762,187d8f55-a92a-4126-8bd5-c5699951b0b3,CORRECT
vbse040,cvhunter1,cvhunter,1,1668172652186,a2b6d319-7da0-4278-a13b-ae553c892168,WRONG
vbse040,cvhunter1,cvhunter,1,1668172654756,a2b6d319-7da0-4278-a13b-ae553c892168,CORRECT
vbse040,visione3,visione,3,1668172656001,ce618806-3932-4b08-8fe5-25d9be6bad26,CORRECT
vbse040,visione2,visione,2,1668172656711,1d61d10a-70e3-4e29-b101-3bfb8608707f,CORRECT
vbse040,cvhunter4,cvhunter,4,1668172658147,af025988-70ba-4e86-8b9d-3004de40a677,WRONG
vbse040,visione4,visione,4,1668172662841,fabeb831-4d50-42db-b915-bf9670d38cdc,CORRECT
vbse040,cvhunter3,cvhunter,3,1668172665563,d4549039-edba-4f67-be8d-49631b50e3d1,CORRECT
vbse040,cvhunter4,cvhunter,4,1668172668397,af025988-70ba-4e86-8b9d-3004de40a677,CORRECT
vbse040,cvhunter1,cvhunter,1,1668172678677,a2b6d319-7da0-4278-a13b-ae553c892168,CORRECT
vbse040,vibro4,vibro,4,1668172687914,eda40d9d-2a9e-44a7-81ab-fa9a826663ea,CORRECT
vbse040,cvhunter2,cvhunter,2,1668172699921,c08385eb-b1ec-4ed5-ba19-9441104833d0,WRONG
vbse040,vibro4,vibro,4,1668172701690,eda40d9d-2a9e-44a7-81ab-fa9a826663ea,WRONG
vbse040,cvhunter4,cvhunter,4,1668172703715,af025988-70ba-4e86-8b9d-3004de40a677,CORRECT
vbse040,cvhunter2,cvhunter,2,1668172712671,c08385eb-b1ec-4ed5-ba19-9441104833d0,WRONG
vbse040,vibro3,vibro,3,1668172721192,da148b98-2573-4f16-815c-6f45b623c9c7,WRONG
vbse040,cvhunter2,cvhunter,2,1668172735001,c08385eb-b1ec-4ed5-ba19-9441104833d0,CORRECT
vbse040,vibro2,vibro,2,1668172736300,187d8f55-a92a-4126-8bd5-c5699951b0b3,CORRECT
vbse040,vibro4,vibro,4,1668172761126,eda40d9d-2a9e-44a7-81ab-fa9a826663ea,WRONG
vbse040,vibro3,vibro,3,1668172781692,da148b98-2573-4f16-815c-6f45b623c9c7,WRONG
vbse040,vibro3,vibro,3,1668172802734,da148b98-2573-4f16-815c-6f45b623c9c7,CORRECT
vbse041,vibro3,vibro,3,1668173020234,da148b98-2573-4f16-815c-6f45b623c9c7,CORRECT
vbse041,visione1,visione,1,1668173022163,b82fba5a-c2c4-4b33-873d-3b7ff6e995c7,CORRECT
vbse041,cvhunter3,cvhunter,3,1668173032185,d4549039-edba-4f67-be8d-49631b50e3d1,CORRECT
vbse041,visione3,visione,3,1668173055020,ce618806-3932-4b08-8fe5-25d9be6bad26,CORRECT
vbse041,vibro2,vibro,2,1668173090052,187d8f55-a92a-4126-8bd5-c5699951b0b3,CORRECT
vbse041,visione4,visione,4,1668173106597,fabeb831-4d50-42db-b915-bf9670d38cdc,CORRECT
vbse041,cvhunter4,cvhunter,4,1668173122163,af025988-70ba-4e86-8b9d-3004de40a677,CORRECT
vbse041,visione2,visione,2,1668173153383,1d61d10a-70e3-4e29-b101-3bfb8608707f,CORRECT
vbse041,cvhunter1,cvhunter,1,1668173202820,a2b6d319-7da0-4278-a13b-ae553c892168,WRONG
vbse041,vibro1,vibro,1,1668173203748,de555d74-e482-4ce9-9991-1ef3bf7e7916,WRONG
vbse041,vibro1,vibro,1,1668173220184,de555d74-e482-4ce9-9991-1ef3bf7e7916,CORRECT
vbse041,cvhunter1,cvhunter,1,1668173222414,a2b6d319-7da0-4278-a13b-ae553c892168,CORRECT
vbse042,cvhunter1,cvhunter,1,1668173319150,a2b6d319-7da0-4278-a13b-ae553c892168,CORRECT
vbse042,cvhunter3,cvhunter,3,1668173321310,d4549039-edba-4f67-be8d-49631b50e3d1,CORRECT
vbse042,visione2,visione,2,1668173322031,1d61d10a-70e3-4e29-b101-3bfb8608707f,CORRECT
vbse042,cvhunter2,cvhunter,2,1668173322610,c08385eb-b1ec-4ed5-ba19-9441104833d0,CORRECT
vbse042,visione4,visione,4,1668173323696,fabeb831-4d50-42db-b915-bf9670d38cdc,CORRECT
vbse042,vibro2,vibro,2,1668173326827,187d8f55-a92a-4126-8bd5-c5699951b0b3,CORRECT
vbse042,vibro3,vibro,3,1668173338916,da148b98-2573-4f16-815c-6f45b623c9c7,WRONG
vbse042,visione4,visione,4,1668173351840,fabeb831-4d50-42db-b915-bf9670d38cdc,CORRECT
vbse042,vibro3,vibro,3,1668173370867,da148b98-2573-4f16-815c-6f45b623c9c7,CORRECT
vbse042,visione1,visione,1,1668173391747,b82fba5a-c2c4-4b33-873d-3b7ff6e995c7,CORRECT
vbse042,visione3,visione,3,1668173395214,ce618806-3932-4b08-8fe5-25d9be6bad26,CORRECT
vbse042,vibro4,vibro,4,1668173412695,eda40d9d-2a9e-44a7-81ab-fa9a826663ea,WRONG
vbse042,vibro4,vibro,4,1668173441173,eda40d9d-2a9e-44a7-81ab-fa9a826663ea,CORRECT
vbse042,cvhunter4,cvhunter,4,1668173484222,af025988-70ba-4e86-8b9d-3004de40a677,CORRECT
vbse042,vibro1,vibro,1,1668173540791,de555d74-e482-4ce9-9991-1ef3bf7e7916,CORRECT
vbse043,cvhunter3,cvhunter,3,1668173578595,d4549039-edba-4f67-be8d-49631b50e3d1,CORRECT
vbse043,visione4,visione,4,1668173579937,fabeb831-4d50-42db-b915-bf9670d38cdc,CORRECT
vbse043,cvhunter1,cvhunter,1,1668173580121,a2b6d319-7da0-4278-a13b-ae553c892168,CORRECT
vbse043,visione3,visione,3,1668173582538,ce618806-3932-4b08-8fe5-25d9be6bad26,CORRECT
vbse043,visione2,visione,2,1668173583065,1d61d10a-70e3-4e29-b101-3bfb8608707f,CORRECT
vbse043,visione1,visione,1,1668173583087,b82fba5a-c2c4-4b33-873d-3b7ff6e995c7,CORRECT
vbse043,cvhunter4,cvhunter,4,1668173583624,af025988-70ba-4e86-8b9d-3004de40a677,CORRECT
vbse043,vibro2,vibro,2,1668173584028,187d8f55-a92a-4126-8bd5-c5699951b0b3,CORRECT
vbse043,cvhunter2,cvhunter,2,1668173585886,c08385eb-b1ec-4ed5-ba19-9441104833d0,CORRECT
vbse043,vibro3,vibro,3,1668173585888,da148b98-2573-4f16-815c-6f45b623c9c7,CORRECT
vbse043,vibro1,vibro,1,1668173588441,de555d74-e482-4ce9-9991-1ef3bf7e7916,WRONG
vbse043,vibro4,vibro,4,1668173603385,eda40d9d-2a9e-44a7-81ab-fa9a826663ea,WRONG
vbse043,vibro4,vibro,4,1668173625414,eda40d9d-2a9e-44a7-81ab-fa9a826663ea,CORRECT
vbse043,vibro1,vibro,1,1668173631171,de555d74-e482-4ce9-9991-1ef3bf7e7916,WRONG
vbse043,vibro1,vibro,1,1668173731978,de555d74-e482-4ce9-9991-1ef3bf7e7916,CORRECT
vbse044,visione2,visione,2,1668173841857,1d61d10a-70e3-4e29-b101-3bfb8608707f,WRONG
vbse044,visione2,visione,2,1668173846271,1d61d10a-70e3-4e29-b101-3bfb8608707f,WRONG
vbse044,visione3,visione,3,1668173851522,ce618806-3932-4b08-8fe5-25d9be6bad26,WRONG
vbse044,cvhunter3,cvhunter,3,1668173852835,d4549039-edba-4f67-be8d-49631b50e3d1,WRONG
vbse044,visione2,visione,2,1668173864471,1d61d10a-70e3-4e29-b101-3bfb8608707f,WRONG
vbse044,visione1,visione,1,1668173871294,b82fba5a-c2c4-4b33-873d-3b7ff6e995c7,CORRECT
vbse044,cvhunter3,cvhunter,3,1668173872143,d4549039-edba-4f67-be8d-49631b50e3d1,CORRECT
vbse044,cvhunter1,cvhunter,1,1668173877273,a2b6d319-7da0-4278-a13b-ae553c892168,CORRECT
vbse044,cvhunter4,cvhunter,4,1668173878481,af025988-70ba-4e86-8b9d-3004de40a677,CORRECT
vbse044,visione2,visione,2,1668173890677,1d61d10a-70e3-4e29-b101-3bfb8608707f,CORRECT
vbse044,visione3,visione,3,1668173898660,ce618806-3932-4b08-8fe5-25d9be6bad26,CORRECT
vbse044,vibro2,vibro,2,1668173914971,187d8f55-a92a-4126-8bd5-c5699951b0b3,CORRECT
vbse044,cvhunter2,cvhunter,2,1668173929494,c08385eb-b1ec-4ed5-ba19-9441104833d0,CORRECT
vbse044,vibro3,vibro,3,1668173938131,da148b98-2573-4f16-815c-6f45b623c9c7,CORRECT
vbse044,visione4,visione,4,1668173950615,fabeb831-4d50-42db-b915-bf9670d38cdc,CORRECT
vbse044,vibro1,vibro,1,1668173959984,de555d74-e482-4ce9-9991-1ef3bf7e7916,CORRECT
vbse044,vibro4,vibro,4,1668174072432,eda40d9d-2a9e-44a7-81ab-fa9a826663ea,CORRECT
vbse045,cvhunter2,cvhunter,2,1668174131250,c08385eb-b1ec-4ed5-ba19-9441104833d0,CORRECT
vbse045,visione2,visione,2,1668174148165,1d61d10a-70e3-4e29-b101-3bfb8608707f,CORRECT
vbse045,visione4,visione,4,1668174185937,fabeb831-4d50-42db-b915-bf9670d38cdc,CORRECT
vbse045,vibro4,vibro,4,1668174191688,eda40d9d-2a9e-44a7-81ab-fa9a826663ea,CORRECT
vbse045,cvhunter4,cvhunter,4,1668174230757,af025988-70ba-4e86-8b9d-3004de40a677,CORRECT
vbse045,visione3,visione,3,1668174242490,ce618806-3932-4b08-8fe5-25d9be6bad26,CORRECT
vbse045,vibro1,vibro,1,1668174250521,de555d74-e482-4ce9-9991-1ef3bf7e7916,CORRECT
vbse045,cvhunter3,cvhunter,3,1668174258449,d4549039-edba-4f67-be8d-49631b50e3d1,WRONG
vbse045,cvhunter3,cvhunter,3,1668174271513,d4549039-edba-4f67-be8d-49631b50e3d1,CORRECT
vbse045,vibro2,vibro,2,1668174287056,187d8f55-a92a-4126-8bd5-c5699951b0b3,CORRECT
vbse045,visione1,visione,1,1668174359412,b82fba5a-c2c4-4b33-873d-3b7ff6e995c7,CORRECT
vbse045,cvhunter1,cvhunter,1,1668174389346,a2b6d319-7da0-4278-a13b-ae553c892168,WRONG
vbse045,cvhunter1,cvhunter,1,1668174395216,a2b6d319-7da0-4278-a13b-ae553c892168,CORRECT
vbse046,visione2,visione,2,1668174522795,1d61d10a-70e3-4e29-b101-3bfb8608707f,CORRECT
vbse046,visione3,visione,3,1668174534073,ce618806-3932-4b08-8fe5-25d9be6bad26,CORRECT
vbse046,visione4,visione,4,1668174548792,fabeb831-4d50-42db-b915-bf9670d38cdc,CORRECT
vbse046,visione1,visione,1,1668174549386,b82fba5a-c2c4-4b33-873d-3b7ff6e995c7,CORRECT
vbse046,visione4,visione,4,1668174574440,fabeb831-4d50-42db-b915-bf9670d38cdc,CORRECT
vbse046,vibro2,vibro,2,1668174629270,187d8f55-a92a-4126-8bd5-c5699951b0b3,CORRECT
vbse046,cvhunter4,cvhunter,4,1668174714452,af025988-70ba-4e86-8b9d-3004de40a677,CORRECT
vbse046,cvhunter3,cvhunter,3,1668174759907,d4549039-edba-4f67-be8d-49631b50e3d1,WRONG
vbse046,cvhunter3,cvhunter,3,1668174761335,d4549039-edba-4f67-be8d-49631b50e3d1,WRONG
vbse046,cvhunter3,cvhunter,3,1668174762838,d4549039-edba-4f67-be8d-49631b50e3d1,WRONG
vbse046,cvhunter3,cvhunter,3,1668174764085,d4549039-edba-4f67-be8d-49631b50e3d1,CORRECT
vbse047,visione2,visione,2,1668174965639,1d61d10a-70e3-4e29-b101-3bfb8608707f,CORRECT
vbse047,visione4,visione,4,1668174970180,fabeb831-4d50-42db-b915-bf9670d38cdc,CORRECT
vbse047,visione1,visione,1,1668174970318,b82fba5a-c2c4-4b33-873d-3b7ff6e995c7,CORRECT
vbse047,cvhunter2,cvhunter,2,1668174973917,c08385eb-b1ec-4ed5-ba19-9441104833d0,CORRECT
vbse047,visione3,visione,3,1668174975126,ce618806-3932-4b08-8fe5-25d9be6bad26,CORRECT
vbse047,cvhunter3,cvhunter,3,1668174986669,d4549039-edba-4f67-be8d-49631b50e3d1,CORRECT
vbse047,cvhunter4,cvhunter,4,1668174994687,af025988-70ba-4e86-8b9d-3004de40a677,CORRECT
vbse047,vibro2,vibro,2,1668174998650,187d8f55-a92a-4126-8bd5-c5699951b0b3,CORRECT
vbse047,cvhunter1,cvhunter,1,1668175006846,a2b6d319-7da0-4278-a13b-ae553c892168,CORRECT
vbse047,cvhunter3,cvhunter,3,1668175011377,d4549039-edba-4f67-be8d-49631b50e3d1,CORRECT
vbse047,cvhunter1,cvhunter,1,1668175019732,a2b6d319-7da0-4278-a13b-ae553c892168,CORRECT
vbse047,vibro3,vibro,3,1668175024318,da148b98-2573-4f16-815c-6f45b623c9c7,CORRECT
vbse047,vibro4,vibro,4,1668175050465,eda40d9d-2a9e-44a7-81ab-fa9a826663ea,CORRECT
vbse047,vibro1,vibro,1,1668175071053,de555d74-e482-4ce9-9991-1ef3bf7e7916,CORRECT
vbse048,vibro3,vibro,3,1668176199323,da148b98-2573-4f16-815c-6f45b623c9c7,WRONG
vbse048,vibro4,vibro,4,1668176215365,eda40d9d-2a9e-44a7-81ab-fa9a826663ea,CORRECT
vbse048,vibro3,vibro,3,1668176216039,da148b98-2573-4f16-815c-6f45b623c9c7,CORRECT
vbse048,vibro2,vibro,2,1668176226133,187d8f55-a92a-4126-8bd5-c5699951b0b3,CORRECT
vbse048,cvhunter1,cvhunter,1,1668176236740,a2b6d319-7da0-4278-a13b-ae553c892168,CORRECT
vbse048,vibro1,vibro,1,1668176242767,de555d74-e482-4ce9-9991-1ef3bf7e7916,CORRECT
vbse048,visione1,visione,1,1668176247083,b82fba5a-c2c4-4b33-873d-3b7ff6e995c7,CORRECT
vbse048,cvhunter4,cvhunter,4,1668176252007,af025988-70ba-4e86-8b9d-3004de40a677,WRONG
vbse048,cvhunter4,cvhunter,4,1668176254783,af025988-70ba-4e86-8b9d-3004de40a677,CORRECT
vbse048,cvhunter3,cvhunter,3,1668176257447,d4549039-edba-4f67-be8d-49631b50e3d1,CORRECT
vbse048,visione3,visione,3,1668176267715,ce618806-3932-4b08-8fe5-25d9be6bad26,CORRECT
vbse048,visione2,visione,2,1668176294210,1d61d10a-70e3-4e29-b101-3bfb8608707f,CORRECT
vbse048,cvhunter2,cvhunter,2,1668176331596,c08385eb-b1ec-4ed5-ba19-9441104833d0,CORRECT
vbse048,visione4,visione,4,1668176343157,fabeb831-4d50-42db-b915-bf9670d38cdc,CORRECT
vbse049,visione2,visione,2,1668176391742,1d61d10a-70e3-4e29-b101-3bfb8608707f,WRONG
vbse049,cvhunter2,cvhunter,2,1668176394985,c08385eb-b1ec-4ed5-ba19-9441104833d0,WRONG
vbse049,visione2,visione,2,1668176395958,1d61d10a-70e3-4e29-b101-3bfb8608707f,CORRECT
vbse049,vibro4,vibro,4,1668176399397,eda40d9d-2a9e-44a7-81ab-fa9a826663ea,CORRECT
vbse049,cvhunter3,cvhunter,3,1668176406791,d4549039-edba-4f67-be8d-49631b50e3d1,WRONG
vbse049,cvhunter1,cvhunter,1,1668176408691,a2b6d319-7da0-4278-a13b-ae553c892168,CORRECT
vbse049,cvhunter3,cvhunter,3,1668176426416,d4549039-edba-4f67-be8d-49631b50e3d1,CORRECT
vbse049,cvhunter4,cvhunter,4,1668176427252,af025988-70ba-4e86-8b9d-3004de40a677,CORRECT
vbse049,cvhunter2,cvhunter,2,1668176437054,c08385eb-b1ec-4ed5-ba19-9441104833d0,CORRECT
vbse049,vibro1,vibro,1,1668176446940,de555d74-e482-4ce9-9991-1ef3bf7e7916,CORRECT
vbse049,vibro2,vibro,2,1668176470629,187d8f55-a92a-4126-8bd5-c5699951b0b3,CORRECT
vbse049,visione3,visione,3,1668176471434,ce618806-3932-4b08-8fe5-25d9be6bad26,CORRECT
vbse049,vibro3,vibro,3,1668176472510,da148b98-2573-4f16-815c-6f45b623c9c7,CORRECT
vbse049,visione4,visione,4,1668176532642,fabeb831-4d50-42db-b915-bf9670d38cdc,CORRECT
vbse049,visione1,visione,1,1668176539508,b82fba5a-c2c4-4b33-873d-3b7ff6e995c7,CORRECT
vbse049,visione4,visione,4,1668176583136,fabeb831-4d50-42db-b915-bf9670d38cdc,CORRECT
vbse050,visione3,visione,3,1668176644241,ce618806-3932-4b08-8fe5-25d9be6bad26,CORRECT
vbse050,vibro4,vibro,4,1668176644659,eda40d9d-2a9e-44a7-81ab-fa9a826663ea,CORRECT
vbse050,vibro1,vibro,1,1668176649019,de555d74-e482-4ce9-9991-1ef3bf7e7916,CORRECT
vbse050,visione4,visione,4,1668176649570,fabeb831-4d50-42db-b915-bf9670d38cdc,CORRECT
vbse050,vibro3,vibro,3,1668176651287,da148b98-2573-4f16-815c-6f45b623c9c7,CORRECT
vbse050,vibro2,vibro,2,1668176653308,187d8f55-a92a-4126-8bd5-c5699951b0b3,CORRECT
vbse050,visione1,visione,1,1668176678119,b82fba5a-c2c4-4b33-873d-3b7ff6e995c7,CORRECT
vbse050,visione2,visione,2,1668176681767,1d61d10a-70e3-4e29-b101-3bfb8608707f,CORRECT
vbse050,cvhunter3,cvhunter,3,1668176686308,d4549039-edba-4f67-be8d-49631b50e3d1,CORRECT
vbse050,cvhunter1,cvhunter,1,1668176701370,a2b6d319-7da0-4278-a13b-ae553c892168,WRONG
vbse050,cvhunter2,cvhunter,2,1668176712702,c08385eb-b1ec-4ed5-ba19-9441104833d0,CORRECT
vbse050,cvhunter1,cvhunter,1,1668176714697,a2b6d319-7da0-4278-a13b-ae553c892168,WRONG
vbse050,cvhunter1,cvhunter,1,1668176730572,a2b6d319-7da0-4278-a13b-ae553c892168,CORRECT
vbse050,cvhunter4,cvhunter,4,1668176789597,af025988-70ba-4e86-8b9d-3004de40a677,CORRECT
vbse051,visione2,visione,2,1668176829019,1d61d10a-70e3-4e29-b101-3bfb8608707f,CORRECT
vbse051,visione1,visione,1,1668176832791,b82fba5a-c2c4-4b33-873d-3b7ff6e995c7,CORRECT
vbse051,visione3,visione,3,1668176835109,ce618806-3932-4b08-8fe5-25d9be6bad26,CORRECT
vbse051,vibro4,vibro,4,1668176835144,eda40d9d-2a9e-44a7-81ab-fa9a826663ea,CORRECT
vbse051,visione4,visione,4,1668176854353,fabeb831-4d50-42db-b915-bf9670d38cdc,CORRECT
vbse051,vibro1,vibro,1,1668176889739,de555d74-e482-4ce9-9991-1ef3bf7e7916,CORRECT
vbse051,vibro3,vibro,3,1668176891919,da148b98-2573-4f16-815c-6f45b623c9c7,CORRECT
vbse051,vibro2,vibro,2,1668176907595,187d8f55-a92a-4126-8bd5-c5699951b0b3,CORRECT
vbse051,cvhunter2,cvhunter,2,1668176908994,c08385eb-b1ec-4ed5-ba19-9441104833d0,CORRECT
vbse051,cvhunter4,cvhunter,4,1668176953199,af025988-70ba-4e86-8b9d-3004de40a677,CORRECT
vbse051,cvhunter3,cvhunter,3,1668177067019,d4549039-edba-4f67-be8d-49631b50e3d1,CORRECT
vbse052,vibro3,vibro,3,1668177168361,da148b98-2573-4f16-815c-6f45b623c9c7,CORRECT
vbse052,visione2,visione,2,1668177173780,1d61d10a-70e3-4e29-b101-3bfb8608707f,CORRECT
vbse052,visione2,visione,2,1668177180582,1d61d10a-70e3-4e29-b101-3bfb8608707f,CORRECT
vbse052,vibro4,vibro,4,1668177180802,eda40d9d-2a9e-44a7-81ab-fa9a826663ea,CORRECT
vbse052,visione3,visione,3,1668177195480,ce618806-3932-4b08-8fe5-25d9be6bad26,CORRECT
vbse052,vibro2,vibro,2,1668177196273,187d8f55-a92a-4126-8bd5-c5699951b0b3,CORRECT
vbse052,cvhunter3,cvhunter,3,1668177204914,d4549039-edba-4f67-be8d-49631b50e3d1,CORRECT
vbse052,vibro1,vibro,1,1668177207875,de555d74-e482-4ce9-9991-1ef3bf7e7916,CORRECT
vbse052,visione1,visione,1,1668177231558,b82fba5a-c2c4-4b33-873d-3b7ff6e995c7,CORRECT
vbse052,cvhunter4,cvhunter,4,1668177242804,af025988-70ba-4e86-8b9d-3004de40a677,CORRECT
vbse052,cvhunter2,cvhunter,2,1668177243871,c08385eb-b1ec-4ed5-ba19-9441104833d0,CORRECT
vbse052,visione4,visione,4,1668177257101,fabeb831-4d50-42db-b915-bf9670d38cdc,CORRECT
vbse052,visione4,visione,4,1668177263882,fabeb831-4d50-42db-b915-bf9670d38cdc,CORRECT
vbse052,cvhunter1,cvhunter,1,1668177277129,a2b6d319-7da0-4278-a13b-ae553c892168,CORRECT
vbse053,vibro4,vibro,4,1668177360192,eda40d9d-2a9e-44a7-81ab-fa9a826663ea,CORRECT
vbse053,vibro3,vibro,3,1668177369340,da148b98-2573-4f16-815c-6f45b623c9c7,CORRECT
vbse053,cvhunter2,cvhunter,2,1668177375123,c08385eb-b1ec-4ed5-ba19-9441104833d0,CORRECT
vbse053,vibro1,vibro,1,1668177387936,de555d74-e482-4ce9-9991-1ef3bf7e7916,CORRECT
vbse053,vibro2,vibro,2,1668177388733,187d8f55-a92a-4126-8bd5-c5699951b0b3,CORRECT
vbse053,vibro3,vibro,3,1668177389367,da148b98-2573-4f16-815c-6f45b623c9c7,CORRECT
vbse053,cvhunter2,cvhunter,2,1668177394215,c08385eb-b1ec-4ed5-ba19-9441104833d0,CORRECT
vbse053,vibro4,vibro,4,1668177399087,eda40d9d-2a9e-44a7-81ab-fa9a826663ea,CORRECT
vbse053,vibro2,vibro,2,1668177400391,187d8f55-a92a-4126-8bd5-c5699951b0b3,CORRECT
vbse053,visione2,visione,2,1668177402888,1d61d10a-70e3-4e29-b101-3bfb8608707f,CORRECT
vbse053,cvhunter1,cvhunter,1,1668177404976,a2b6d319-7da0-4278-a13b-ae553c892168,CORRECT
vbse053,visione4,visione,4,1668177413314,fabeb831-4d50-42db-b915-bf9670d38cdc,CORRECT
vbse053,cvhunter4,cvhunter,4,1668177416236,af025988-70ba-4e86-8b9d-3004de40a677,CORRECT
vbse053,cvhunter2,cvhunter,2,1668177422782,c08385eb-b1ec-4ed5-ba19-9441104833d0,CORRECT
vbse053,visione3,visione,3,1668177423815,ce618806-3932-4b08-8fe5-25d9be6bad26,CORRECT
vbse053,cvhunter4,cvhunter,4,1668177428213,af025988-70ba-4e86-8b9d-3004de40a677,CORRECT
vbse053,visione3,visione,3,1668177434986,ce618806-3932-4b08-8fe5-25d9be6bad26,CORRECT
vbse053,cvhunter1,cvhunter,1,1668177435980,a2b6d319-7da0-4278-a13b-ae553c892168,CORRECT
vbse053,visione1,visione,1,1668177443657,b82fba5a-c2c4-4b33-873d-3b7ff6e995c7,CORRECT
vbse053,vibro4,vibro,4,1668177449863,eda40d9d-2a9e-44a7-81ab-fa9a826663ea,CORRECT
vbse053,cvhunter2,cvhunter,2,1668177457253,c08385eb-b1ec-4ed5-ba19-9441104833d0,CORRECT
vbse053,cvhunter3,cvhunter,3,1668177461699,d4549039-edba-4f67-be8d-49631b50e3d1,CORRECT
vbse053,visione1,visione,1,1668177471726,b82fba5a-c2c4-4b33-873d-3b7ff6e995c7,CORRECT
vbse053,visione3,visione,3,1668177481599,ce618806-3932-4b08-8fe5-25d9be6bad26,CORRECT
vbse053,visione1,visione,1,1668177484724,b82fba5a-c2c4-4b33-873d-3b7ff6e995c7,CORRECT
vbse053,visione2,visione,2,1668177490906,1d61d10a-70e3-4e29-b101-3bfb8608707f,CORRECT
vbse054,vibro2,vibro,2,1668177736808,187d8f55-a92a-4126-8bd5-c5699951b0b3,CORRECT
vbse054,vibro4,vibro,4,1668177740184,eda40d9d-2a9e-44a7-81ab-fa9a826663ea,WRONG
vbse054,visione2,visione,2,1668177741145,1d61d10a-70e3-4e29-b101-3bfb8608707f,WRONG
vbse054,visione3,visione,3,1668177752359,ce618806-3932-4b08-8fe5-25d9be6bad26,CORRECT
vbse054,visione2,visione,2,1668177759679,1d61d10a-70e3-4e29-b101-3bfb8608707f,WRONG
vbse054,vibro1,vibro,1,1668177764861,de555d74-e482-4ce9-9991-1ef3bf7e7916,CORRECT
vbse054,visione2,visione,2,1668177766862,1d61d10a-70e3-4e29-b101-3bfb8608707f,WRONG
vbse054,visione4,visione,4,1668177772608,fabeb831-4d50-42db-b915-bf9670d38cdc,CORRECT
vbse054,visione1,visione,1,1668177777541,b82fba5a-c2c4-4b33-873d-3b7ff6e995c7,CORRECT
vbse054,visione2,visione,2,1668177778967,1d61d10a-70e3-4e29-b101-3bfb8608707f,CORRECT
vbse054,vibro3,vibro,3,1668177783866,da148b98-2573-4f16-815c-6f45b623c9c7,CORRECT
vbse054,cvhunter4,cvhunter,4,1668177861935,af025988-70ba-4e86-8b9d-3004de40a677,CORRECT
vbse054,vibro4,vibro,4,1668177865093,eda40d9d-2a9e-44a7-81ab-fa9a826663ea,CORRECT
vbse054,cvhunter3,cvhunter,3,1668177877721,d4549039-edba-4f67-be8d-49631b50e3d1,CORRECT
vbse054,cvhunter2,cvhunter,2,1668177940033,c08385eb-b1ec-4ed5-ba19-9441104833d0,CORRECT
vbse055,cvhunter4,cvhunter,4,1668178000469,af025988-70ba-4e86-8b9d-3004de40a677,WRONG
vbse055,cvhunter1,cvhunter,1,1668178008160,a2b6d319-7da0-4278-a13b-ae553c892168,WRONG
vbse055,vibro3,vibro,3,1668178009652,da148b98-2573-4f16-815c-6f45b623c9c7,WRONG
vbse055,cvhunter2,cvhunter,2,1668178015859,c08385eb-b1ec-4ed5-ba19-9441104833d0,CORRECT
vbse055,vibro3,vibro,3,1668178027258,da148b98-2573-4f16-815c-6f45b623c9c7,CORRECT
vbse055,cvhunter4,cvhunter,4,1668178032035,af025988-70ba-4e86-8b9d-3004de40a677,CORRECT
vbse055,vibro2,vibro,2,1668178032326,187d8f55-a92a-4126-8bd5-c5699951b0b3,CORRECT
vbse055,cvhunter1,cvhunter,1,1668178058028,a2b6d319-7da0-4278-a13b-ae553c892168,CORRECT
vbse055,cvhunter3,cvhunter,3,1668178066135,d4549039-edba-4f67-be8d-49631b50e3d1,WRONG
vbse055,visione1,visione,1,1668178069837,b82fba5a-c2c4-4b33-873d-3b7ff6e995c7,WRONG
vbse055,visione2,visione,2,1668178080096,1d61d10a-70e3-4e29-b101-3bfb8608707f,WRONG
vbse055,visione1,visione,1,1668178090138,b82fba5a-c2c4-4b33-873d-3b7ff6e995c7,WRONG
vbse055,vibro4,vibro,4,1668178099720,eda40d9d-2a9e-44a7-81ab-fa9a826663ea,CORRECT
vbse055,cvhunter3,cvhunter,3,1668178101618,d4549039-edba-4f67-be8d-49631b50e3d1,CORRECT
vbse055,visione3,visione,3,1668178121044,ce618806-3932-4b08-8fe5-25d9be6bad26,WRONG
vbse055,visione2,visione,2,1668178146381,1d61d10a-70e3-4e29-b101-3bfb8608707f,CORRECT
vbse055,visione3,visione,3,1668178160277,ce618806-3932-4b08-8fe5-25d9be6bad26,CORRECT
vbse055,vibro1,vibro,1,1668178172052,de555d74-e482-4ce9-9991-1ef3bf7e7916,CORRECT
vbse055,visione4,visione,4,1668178173989,fabeb831-4d50-42db-b915-bf9670d38cdc,CORRECT
vbse055,visione1,visione,1,1668178174091,b82fba5a-c2c4-4b33-873d-3b7ff6e995c7,CORRECT
vbse055,visione1,visione,1,1668178186911,b82fba5a-c2c4-4b33-873d-3b7ff6e995c7,CORRECT
vbse056,visione2,visione,2,1668178372714,1d61d10a-70e3-4e29-b101-3bfb8608707f,CORRECT
vbse056,visione1,visione,1,1668178374708,b82fba5a-c2c4-4b33-873d-3b7ff6e995c7,CORRECT
vbse056,cvhunter3,cvhunter,3,1668178376813,d4549039-edba-4f67-be8d-49631b50e3d1,WRONG
vbse056,visione4,visione,4,1668178377457,fabeb831-4d50-42db-b915-bf9670d38cdc,CORRECT
vbse056,visione3,visione,3,1668178378611,ce618806-3932-4b08-8fe5-25d9be6bad26,CORRECT
vbse056,cvhunter4,cvhunter,4,1668178381190,af025988-70ba-4e86-8b9d-3004de40a677,CORRECT
vbse056,cvhunter3,cvhunter,3,1668178400262,d4549039-edba-4f67-be8d-49631b50e3d1,CORRECT
vbse056,cvhunter2,cvhunter,2,1668178465057,c08385eb-b1ec-4ed5-ba19-9441104833d0,CORRECT
vbse056,vibro4,vibro,4,1668178467801,eda40d9d-2a9e-44a7-81ab-fa9a826663ea,CORRECT
vbse056,vibro3,vibro,3,1668178542240,da148b98-2573-4f16-815c-6f45b623c9c7,CORRECT
vbse057,vibro3,vibro,3,1668178731173,da148b98-2573-4f16-815c-6f45b623c9c7,WRONG
vbse057,vibro4,vibro,4,1668178736235,eda40d9d-2a9e-44a7-81ab-fa9a826663ea,CORRECT
vbse057,visione3,visione,3,1668178738843,ce618806-3932-4b08-8fe5-25d9be6bad26,CORRECT
vbse057,vibro1,vibro,1,1668178755074,de555d74-e482-4ce9-9991-1ef3bf7e7916,WRONG
vbse057,vibro3,vibro,3,1668178757410,da148b98-2573-4f16-815c-6f45b623c9c7,WRONG
vbse057,vibro3,vibro,3,1668178775059,da148b98-2573-4f16-815c-6f45b623c9c7,CORRECT
vbse057,vibro1,vibro,1,1668178795161,de555d74-e482-4ce9-9991-1ef3bf7e7916,CORRECT
vbse057,cvhunter1,cvhunter,1,1668178853994,a2b6d319-7da0-4278-a13b-ae553c892168,CORRECT
vbse057,vibro2,vibro,2,1668178878735,187d8f55-a92a-4126-8bd5-c5699951b0b3,CORRECT
vbse057,visione1,visione,1,1668178896033,b82fba5a-c2c4-4b33-873d-3b7ff6e995c7,CORRECT
vbse057,visione4,visione,4,1668178937226,fabeb831-4d50-42db-b915-bf9670d38cdc,CORRECT
vbse058,cvhunter1,cvhunter,1,1668179021733,a2b6d319-7da0-4278-a13b-ae553c892168,CORRECT
vbse058,cvhunter4,cvhunter,4,1668179034500,af025988-70ba-4e86-8b9d-3004de40a677,CORRECT
vbse058,vibro3,vibro,3,1668179094242,da148b98-2573-4f16-815c-6f45b623c9c7,CORRECT
vbse058,vibro4,vibro,4,1668179146099,eda40d9d-2a9e-44a7-81ab-fa9a826663ea,CORRECT
vbse058,cvhunter2,cvhunter,2,1668179152486,c08385eb-b1ec-4ed5-ba19-9441104833d0,CORRECT
vbse058,visione1,visione,1,1668179155104,b82fba5a-c2c4-4b33-873d-3b7ff6e995c7,CORRECT
vbse058,visione2,visione,2,1668179159556,1d61d10a-70e3-4e29-b101-3bfb8608707f,CORRECT
vbse058,cvhunter3,cvhunter,3,1668179166373,d4549039-edba-4f67-be8d-49631b50e3d1,CORRECT
vbse058,visione3,visione,3,1668179185662,ce618806-3932-4b08-8fe5-25d9be6bad26,CORRECT
vbse058,visione4,visione,4,1668179261954,fabeb831-4d50-42db-b915-bf9670d38cdc,CORRECT
vbse059,visione1,visione,1,1668179466923,b82fba5a-c2c4-4b33-873d-3b7ff6e995c7,CORRECT
vbse059,vibro4,vibro,4,1668179493481,eda40d9d-2a9e-44a7-81ab-fa9a826663ea,CORRECT
vbse059,cvhunter1,cvhunter,1,1668179518267,a2b6d319-7da0-4278-a13b-ae553c892168,WRONG
vbse059,cvhunter1,cvhunter,1,1668179528306,a2b6d319-7da0-4278-a13b-ae553c892168,CORRECT
vbse059,visione3,visione,3,1668179555725,ce618806-3932-4b08-8fe5-25d9be6bad26,CORRECT
vbse059,vibro3,vibro,3,1668179565361,da148b98-2573-4f16-815c-6f45b623c9c7,CORRECT
vbse059,vibro1,vibro,1,1668179566468,de555d74-e482-4ce9-9991-1ef3bf7e7916,WRONG
vbse059,vibro2,vibro,2,1668179567512,187d8f55-a92a-4126-8bd5-c5699951b0b3,WRONG
vbse059,cvhunter4,cvhunter,4,1668179572669,af025988-70ba-4e86-8b9d-3004de40a677,WRONG
vbse059,vibro1,vibro,1,1668179586297,de555d74-e482-4ce9-9991-1ef3bf7e7916,CORRECT
vbse059,cvhunter3,cvhunter,3,1668179588870,d4549039-edba-4f67-be8d-49631b50e3d1,WRONG
vbse059,vibro2,vibro,2,1668179589242,187d8f55-a92a-4126-8bd5-c5699951b0b3,CORRECT
vbse059,cvhunter3,cvhunter,3,1668179606392,d4549039-edba-4f67-be8d-49631b50e3d1,CORRECT
vbse059,cvhunter4,cvhunter,4,1668179621497,af025988-70ba-4e86-8b9d-3004de40a677,WRONG
vbse059,visione4,visione,4,1668179627792,fabeb831-4d50-42db-b915-bf9670d38cdc,CORRECT
vbse059,cvhunter4,cvhunter,4,1668179638899,af025988-70ba-4e86-8b9d-3004de40a677,CORRECT
vbse060,visione2,visione,2,1668179744949,1d61d10a-70e3-4e29-b101-3bfb8608707f,WRONG
vbse060,visione2,visione,2,1668179770582,1d61d10a-70e3-4e29-b101-3bfb8608707f,CORRECT
vbse060,visione1,visione,1,1668179775620,b82fba5a-c2c4-4b33-873d-3b7ff6e995c7,CORRECT
vbse060,vibro4,vibro,4,1668179787283,eda40d9d-2a9e-44a7-81ab-fa9a826663ea,CORRECT
vbse060,cvhunter4,cvhunter,4,1668179788965,af025988-70ba-4e86-8b9d-3004de40a677,CORRECT
vbse060,cvhunter2,cvhunter,2,1668179793615,c08385eb-b1ec-4ed5-ba19-9441104833d0,CORRECT
vbse060,vibro2,vibro,2,1668179795495,187d8f55-a92a-4126-8bd5-c5699951b0b3,CORRECT
vbse060,visione3,visione,3,1668179799068,ce618806-3932-4b08-8fe5-25d9be6bad26,CORRECT
vbse060,visione4,visione,4,1668179811654,fabeb831-4d50-42db-b915-bf9670d38cdc,CORRECT
vbse060,cvhunter1,cvhunter,1,1668179824382,a2b6d319-7da0-4278-a13b-ae553c892168,CORRECT
vbse060,vibro3,vibro,3,1668179951486,da148b98-2573-4f16-815c-6f45b623c9c7,CORRECT
vbse060,cvhunter3,cvhunter,3,1668179960706,d4549039-edba-4f67-be8d-49631b50e3d1,CORRECT
